word,frequency
the,23135851162
of,13151942776
and,12997637966
to,12136980858
a,9081174698
in,8469404971
for,5933321709
is,4705743816
on,3750423199
that,3400031103
by,3350048871
this,3228469771
with,3183110678
i,3086225277
you,2996181025
it,2813163874
not,2633487141
or,2590732241
be,2393163824
are,2258496714
from,2195717164
at,2185532192
as,2183393284
your,2158109105
all,2018553721
have,2006583676
new,1900489441
more,1823893821
was,1800770261
we,1793558621
can,1769626461
us,1752987661
about,1734499861
if,1670276461
my,1668160261
has,1656904861
what,1646264461
there,1633486861
when,1605279661
which,1596123661
so,1592631661
like,1589643661
time,1589643661
they,1589643661
just,1589643661
know,1589643661
people,1589643661
some,1589643661
make,1589643661
other,1589643661
could,1589643661
into,1589643661
than,1589643661
its,1589643661
our,1589643661
two,1589643661
these,1589643661
want,1589643661
way,1589643661
look,1589643661
first,1589643661
also,1589643661
because,1589643661
any,1589643661
work,1589643661
well,1589643661
even,1589643661
different,1589643661
their,1589643661
see,1589643661
after,1589643661
day,1589643661
where,1589643661
much,1589643661
going,1589643661
through,1589643661
back,1589643661
years,1589643661
many,1589643661
those,1589643661
being,1589643661
good,1589643661
how,1589643661
may,1589643661
most,1589643661
think,1589643661
over,1589643661
such,1589643661
last,1589643661
right,1589643661
now,1589643661
too,1589643661
little,1589643661
only,1589643661
very,1589643661
still,1589643661
world,1589643661
own,1589643661
here,1589643661
things,1589643661
every,1589643661
should,1589643661
does,1589643661
another,1589643661
great,1589643661
must,1589643661
big,1589643661
same,1589643661
might,1589643661
part,1589643661
place,1589643661
away,1589643661
while,1589643661
means,1589643661
again,1589643661
around,1589643661
three,1589643661
small,1589643661
set,1589643661
put,1589643661
end,1589643661
doesnt,1589643661
under,1589643661
read,1589643661
never,1589643661
why,1589643661
home,1589643661
mean,1589643661
help,1589643661
got,1589643661
keep,1589643661
point,1589643661
number,1589643661
feel,1589643661
state,1589643661
become,1589643661
thing,1589643661
without,1589643661
before,1589643661
between,1589643661
high,1589643661
really,1589643661
something,1589643661
most,1589643661
another,1589643661
much,1589643661
family,1589643661
own,1589643661
out,1589643661
leave,1589643661
put,1589643661
old,1589643661
while,1589643661
mean,1589643661
on,1589643661
keep,1589643661
student,1589643661
why,1589643661
let,1589643661
great,1589643661
same,1589643661
big,1589643661
group,1589643661
begin,1589643661
seem,1589643661
country,1589643661
help,1589643661
talk,1589643661
where,1589643661
turn,1589643661
problem,1589643661
every,1589643661
start,1589643661
hand,1589643661
might,1589643661
american,1589643661
show,1589643661
part,1589643661
about,1589643661
against,1589643661
place,1589643661
over,1589643661
such,1589643661
again,1589643661
few,1589643661
case,1589643661
week,1589643661
company,1589643661
where,1589643661
system,1589643661
each,1589643661
right,1589643661
program,1589643661
hear,1589643661
question,1589643661
during,1589643661
work,1589643661
play,1589643661
government,1589643661
run,1589643661
small,1589643661
number,1589643661
off,1589643661
always,1589643661
move,1589643661
like,1589643661
night,1589643661
live,1589643661
point,1589643661
believe,1589643661
hold,1589643661
today,1589643661
bring,1589643661
happen,1589643661
next,1589643661
without,1589643661
before,1589643661
large,1589643661
all,1589643661
million,1589643661
must,1589643661
home,1589643661
under,1589643661
water,1589643661
room,1589643661
write,1589643661
mother,1589643661
area,1589643661
national,1589643661
money,1589643661
story,1589643661
young,1589643661
fact,1589643661
month,1589643661
different,1589643661
lot,1589643661
right,1589643661
study,1589643661
book,1589643661
eye,1589643661
job,1589643661
word,1589643661
business,1589643661
issue,1589643661
side,1589643661
kind,1589643661
four,1589643661
head,1589643661
far,1589643661
black,1589643661
long,1589643661
both,1589643661
little,1589643661
house,1589643661
yes,1589643661
after,1589643661
since,1589643661
long,1589643661
provide,1589643661
service,1589643661
around,1589643661
friend,1589643661
important,1589643661
father,1589643661
sit,1589643661
away,1589643661
until,1589643661
power,1589643661
hour,1589643661
game,1589643661
often,1589643661
yet,1589643661
line,1589643661
political,1589643661
end,1589643661
among,1589643661
ever,1589643661
stand,1589643661
bad,1589643661
lose,1589643661
however,1589643661
member,1589643661
pay,1589643661
law,1589643661
meet,1589643661
car,1589643661
city,1589643661
almost,1589643661
include,1589643661
continue,1589643661
set,1589643661
later,1589643661
community,1589643661
name,1589643661
five,1589643661
once,1589643661
white,1589643661
least,1589643661
president,1589643661
learn,1589643661
real,1589643661
change,1589643661
team,1589643661
minute,1589643661
best,1589643661
several,1589643661
idea,1589643661
kid,1589643661
body,1589643661
information,1589643661
nothing,1589643661
ago,1589643661
right,1589643661
lead,1589643661
social,1589643661
understand,1589643661
whether,1589643661
back,1589643661
watch,1589643661
together,1589643661
follow,1589643661
around,1589643661
parent,1589643661
only,1589643661
stop,1589643661
face,1589643661
anything,1589643661
create,1589643661
public,1589643661
already,1589643661
speak,1589643661
others,1589643661
read,1589643661
level,1589643661
allow,1589643661
add,1589643661
office,1589643661
spend,1589643661
door,1589643661
health,1589643661
person,1589643661
art,1589643661
sure,1589643661
war,1589643661
history,1589643661
party,1589643661
within,1589643661
grow,1589643661
result,1589643661
open,1589643661
change,1589643661
morning,1589643661
walk,1589643661
reason,1589643661
low,1589643661
win,1589643661
research,1589643661
girl,1589643661
guy,1589643661
early,1589643661
food,1589643661
before,1589643661
moment,1589643661
himself,1589643661
air,1589643661
teacher,1589643661
force,1589643661
offer,1589643661
enough,1589643661
both,1589643661
education,1589643661
across,1589643661
although,1589643661
remember,1589643661
foot,1589643661
second,1589643661
boy,1589643661
maybe,1589643661
toward,1589643661
able,1589643661
age,1589643661
off,1589643661
policy,1589643661
everything,1589643661
love,1589643661
process,1589643661
music,1589643661
including,1589643661
consider,1589643661
appear,1589643661
actually,1589643661
buy,1589643661
probably,1589643661
human,1589643661
wait,1589643661
serve,1589643661
market,1589643661
die,1589643661
send,1589643661
expect,1589643661
sense,1589643661
build,1589643661
stay,1589643661
fall,1589643661
oh,1589643661
nation,1589643661
plan,1589643661
cut,1589643661
college,1589643661
interest,1589643661
death,1589643661
course,1589643661
someone,1589643661
experience,1589643661
behind,1589643661
reach,1589643661
local,1589643661
kill,1589643661
six,1589643661
remain,1589643661
effect,1589643661
use,1589643661
yeah,1589643661
suggest,1589643661
class,1589643661
control,1589643661
raise,1589643661
care,1589643661
perhaps,1589643661
field,1589643661
pass,1589643661
former,1589643661
sell,1589643661
major,1589643661
sometimes,1589643661
require,1589643661
along,1589643661
development,1589643661
themselves,1589643661
report,1589643661
role,1589643661
better,1589643661
economic,1589643661
effort,1589643661
up,1589643661
decide,1589643661
rate,1589643661
strong,1589643661
possible,1589643661
heart,1589643661
drug,1589643661
show,1589643661
leader,1589643661
light,1589643661
voice,1589643661
wife,1589643661
whole,1589643661
police,1589643661
mind,1589643661
finally,1589643661
pull,1589643661
return,1589643661
free,1589643661
military,1589643661
price,1589643661
report,1589643661
less,1589643661
according,1589643661
decision,1589643661
explain,1589643661
son,1589643661
hope,1589643661
even,1589643661
develop,1589643661
view,1589643661
relationship,1589643661
carry,1589643661
town,1589643661
road,1589643661
drive,1589643661
arm,1589643661
true,1589643661
federal,1589643661
break,1589643661
better,1589643661
difference,1589643661
thank,1589643661
receive,1589643661
value,1589643661
international,1589643661
building,1589643661
action,1589643661
full,1589643661
model,1589643661
join,1589643661
season,1589643661
society,1589643661
because,1589643661
tax,1589643661
director,1589643661
early,1589643661
position,1589643661
player,1589643661
agree,1589643661
especially,1589643661
record,1589643661
pick,1589643661
wear,1589643661
paper,1589643661
special,1589643661
space,1589643661
ground,1589643661
form,1589643661
support,1589643661
event,1589643661
official,1589643661
whose,1589643661
matter,1589643661
everyone,1589643661
center,1589643661
couple,1589643661
site,1589643661
end,1589643661
project,1589643661
hit,1589643661
base,1589643661
activity,1589643661
star,1589643661
table,1589643661
need,1589643661
court,1589643661
produce,1589643661
eat,1589643661
american,1589643661
teach,1589643661
oil,1589643661
half,1589643661
situation,1589643661
easy,1589643661
cost,1589643661
industry,1589643661
figure,1589643661
face,1589643661
street,1589643661
image,1589643661
itself,1589643661
phone,1589643661
either,1589643661
data,1589643661
cover,1589643661
quite,1589643661
picture,1589643661
clear,1589643661
practice,1589643661
piece,1589643661
land,1589643661
recent,1589643661
describe,1589643661
product,1589643661
doctor,1589643661
wall,1589643661
patient,1589643661
worker,1589643661
news,1589643661
test,1589643661
movie,1589643661
certain,1589643661
north,1589643661
love,1589643661
personal,1589643661
open,1589643661
support,1589643661
simply,1589643661
third,1589643661
technology,1589643661
catch,1589643661
step,1589643661
baby,1589643661
computer,1589643661
type,1589643661
attention,1589643661
draw,1589643661
film,1589643661
republican,1589643661
tree,1589643661
source,1589643661
red,1589643661
nearly,1589643661
organization,1589643661
choose,1589643661
cause,1589643661
hair,1589643661
look,1589643661
point,1589643661
century,1589643661
evidence,1589643661
window,1589643661
difficult,1589643661
listen,1589643661
soon,1589643661
culture,1589643661
billion,1589643661
chance,1589643661
brother,1589643661
energy,1589643661
period,1589643661
course,1589643661
summer,1589643661
less,1589643661
realize,1589643661
hundred,1589643661
available,1589643661
plant,1589643661
likely,1589643661
opportunity,1589643661
term,1589643661
short,1589643661
letter,1589643661
condition,1589643661
choice,1589643661
place,1589643661
single,1589643661
rule,1589643661
daughter,1589643661
administration,1589643661
south,1589643661
husband,1589643661
congress,1589643661
floor,1589643661
campaign,1589643661
material,1589643661
population,1589643661
well,1589643661
call,1589643661
economy,1589643661
medical,1589643661
hospital,1589643661
church,1589643661
close,1589643661
thousand,1589643661
risk,1589643661
current,1589643661
fire,1589643661
future,1589643661
wrong,1589643661
involve,1589643661
defense,1589643661
anyone,1589643661
increase,1589643661
security,1589643661
bank,1589643661
myself,1589643661
certainly,1589643661
west,1589643661
sport,1589643661
board,1589643661
seek,1589643661
per,1589643661
subject,1589643661
officer,1589643661
private,1589643661
rest,1589643661
behavior,1589643661
deal,1589643661
performance,1589643661
fight,1589643661
throw,1589643661
top,1589643661
quickly,1589643661
past,1589643661
goal,1589643661
second,1589643661
bed,1589643661
order,1589643661
author,1589643661
fill,1589643661
represent,1589643661
focus,1589643661
foreign,1589643661
drop,1589643661
plan,1589643661
blood,1589643661
upon,1589643661
agency,1589643661
push,1589643661
nature,1589643661
color,1589643661
no,1589643661
recently,1589643661
store,1589643661
reduce,1589643661
sound,1589643661
note,1589643661
fine,1589643661
before,1589643661
near,1589643661
movement,1589643661
page,1589643661
enter,1589643661
share,1589643661
than,1589643661
common,1589643661
poor,1589643661
other,1589643661
natural,1589643661
race,1589643661
concern,1589643661
series,1589643661
significant,1589643661
similar,1589643661
hot,1589643661
language,1589643661
each,1589643661
usually,1589643661
response,1589643661
dead,1589643661
rise,1589643661
animal,1589643661
factor,1589643661
decade,1589643661
article,1589643661
shoot,1589643661
east,1589643661
save,1589643661
seven,1589643661
artist,1589643661
away,1589643661
scene,1589643661
stock,1589643661
career,1589643661
despite,1589643661
central,1589643661
eight,1589643661
thus,1589643661
treatment,1589643661
beyond,1589643661
happy,1589643661
exactly,1589643661
protect,1589643661
approach,1589643661
lie,1589643661
size,1589643661
dog,1589643661
fund,1589643661
serious,1589643661
occur,1589643661
media,1589643661
ready,1589643661
sign,1589643661
thought,1589643661
list,1589643661
individual,1589643661
simple,1589643661
quality,1589643661
pressure,1589643661
accept,1589643661
answer,1589643661
hard,1589643661
resource,1589643661
identify,1589643661
left,1589643661
meeting,1589643661
determine,1589643661
prepare,1589643661
disease,1589643661
whatever,1589643661
success,1589643661
argue,1589643661
cup,1589643661
particularly,1589643661
amount,1589643661
ability,1589643661
staff,1589643661
recognize,1589643661
indicate,1589643661
character,1589643661
growth,1589643661
loss,1589643661
degree,1589643661
wonder,1589643661
attack,1589643661
herself,1589643661
region,1589643661
television,1589643661
box,1589643661
tv,1589643661
training,1589643661
pretty,1589643661
trade,1589643661
deal,1589643661
election,1589643661
everybody,1589643661
physical,1589643661
lay,1589643661
general,1589643661
feeling,1589643661
standard,1589643661
bill,1589643661
message,1589643661
fail,1589643661
outside,1589643661
arrive,1589643661
analysis,1589643661
benefit,1589643661
name,1589643661
sex,1589643661
forward,1589643661
lawyer,1589643661
present,1589643661
section,1589643661
environmental,1589643661
glass,1589643661
answer,1589643661
skill,1589643661
sister,1589643661
pm,1589643661
professor,1589643661
operation,1589643661
financial,1589643661
crime,1589643661
stage,1589643661
ok,1589643661
compare,1589643661
authority,1589643661
miss,1589643661
design,1589643661
sort,1589643661
one,1589643661
act,1589643661
ten,1589643661
knowledge,1589643661
gun,1589643661
station,1589643661
blue,1589643661
state,1589643661
strategy,1589643661
little,1589643661
clearly,1589643661
discuss,1589643661
indeed,1589643661
force,1589643661
truth,1589643661
song,1589643661
example,1589643661
democratic,1589643661
check,1589643661
environment,1589643661
leg,1589643661
dark,1589643661
public,1589643661
various,1589643661
rather,1589643661
laugh,1589643661
guess,1589643661
executive,1589643661
set,1589643661
study,1589643661
prove,1589643661
hang,1589643661
entire,1589643661
rock,1589643661
design,1589643661
enough,1589643661
forget,1589643661
since,1589643661
claim,1589643661
note,1589643661
remove,1589643661
manager,1589643661
help,1589643661
close,1589643661
sound,1589643661
enjoy,1589643661
network,1589643661
legal,1589643661
religious,1589643661
cold,1589643661
form,1589643661
final,1589643661
main,1589643661
science,1589643661
green,1589643661
memory,1589643661
card,1589643661
above,1589643661
seat,1589643661
cell,1589643661
establish,1589643661
nice,1589643661
trial,1589643661
expert,1589643661
that,1589643661
spring,1589643661
firm,1589643661
democrat,1589643661
radio,1589643661
visit,1589643661
management,1589643661
care,1589643661
avoid,1589643661
imagine,1589643661
tonight,1589643661
huge,1589643661
ball,1589643661
no,1589643661
close,1589643661
finish,1589643661
yourself,1589643661
talk,1589643661
theory,1589643661
impact,1589643661
respond,1589643661
statement,1589643661
maintain,1589643661
charge,1589643661
popular,1589643661
traditional,1589643661
onto,1589643661
reveal,1589643661
direction,1589643661
weapon,1589643661
employee,1589643661
cultural,1589643661
contain,1589643661
peace,1589643661
head,1589643661
control,1589643661
base,1589643661
pain,1589643661
apply,1589643661
play,1589643661
measure,1589643661
wide,1589643661
shake,1589643661
fly,1589643661
interview,1589643661
manage,1589643661
chair,1589643661
fish,1589643661
particular,1589643661
camera,1589643661
structure,1589643661
politics,1589643661
perform,1589643661
bit,1589643661
weight,1589643661
suddenly,1589643661
discover,1589643661
candidate,1589643661
production,1589643661
treat,1589643661
trip,1589643661
evening,1589643661
affect,1589643661
inside,1589643661
conference,1589643661
unit,1589643661
best,1589643661
style,1589643661
adult,1589643661
worry,1589643661
range,1589643661
mention,1589643661
rather,1589643661
far,1589643661
deep,1589643661
past,1589643661
edge,1589643661
individual,1589643661
specific,1589643661
writer,1589643661
trouble,1589643661
necessary,1589643661
throughout,1589643661
challenge,1589643661
fear,1589643661
shoulder,1589643661
institution,1589643661
middle,1589643661
sea,1589643661
dream,1589643661
bar,1589643661
beautiful,1589643661
property,1589643661
instead,1589643661
improve,1589643661
stuff,1589643661
detail,1589643661
method,1589643661
sign,1589643661
somebody,1589643661
magazine,1589643661
hotel,1589643661
soldier,1589643661
reflect,1589643661
heavy,1589643661
sexual,1589643661
cause,1589643661
bag,1589643661
heat,1589643661
fall,1589643661
marriage,1589643661
tough,1589643661
sing,1589643661
surface,1589643661
purpose,1589643661
exist,1589643661
pattern,1589643661
whom,1589643661
skin,1589643661
agent,1589643661
owner,1589643661
machine,1589643661
gas,1589643661
down,1589643661
ahead,1589643661
generation,1589643661
commercial,1589643661
address,1589643661
cancer,1589643661
test,1589643661
item,1589643661
reality,1589643661
coach,1589643661
step,1589643661
mrs,1589643661
yard,1589643661
beat,1589643661
violence,1589643661
total,1589643661
tend,1589643661
investment,1589643661
discussion,1589643661
finger,1589643661
garden,1589643661
notice,1589643661
collection,1589643661
modern,1589643661
task,1589643661
partner,1589643661
positive,1589643661
civil,1589643661
kitchen,1589643661
consumer,1589643661
shot,1589643661
budget,1589643661
wish,1589643661
painting,1589643661
scientist,1589643661
safe,1589643661
agreement,1589643661
capital,1589643661
mouth,1589643661
nor,1589643661
victim,1589643661
newspaper,1589643661
instead,1589643661
threat,1589643661
responsibility,1589643661
smile,1589643661
attorney,1589643661
score,1589643661
account,1589643661
interesting,1589643661
break,1589643661
audience,1589643661
rich,1589643661
dinner,1589643661
figure,1589643661
vote,1589643661
western,1589643661
relate,1589643661
travel,1589643661
debate,1589643661
prevent,1589643661
citizen,1589643661
majority,1589643661
none,1589643661
front,1589643661
born,1589643661
admit,1589643661
senior,1589643661
assume,1589643661
wind,1589643661
key,1589643661
professional,1589643661
mission,1589643661
fast,1589643661
alone,1589643661
customer,1589643661
suffer,1589643661
speech,1589643661
successful,1589643661
option,1589643661
participant,1589643661
southern,1589643661
fresh,1589643661
eventually,1589643661
no,1589643661
forest,1589643661
video,1589643661
global,1589643661
senate,1589643661
reform,1589643661
access,1589643661
restaurant,1589643661
judge,1589643661
publish,1589643661
cost,1589643661
relation,1589643661
like,1589643661
release,1589643661
own,1589643661
bird,1589643661
opinion,1589643661
credit,1589643661
critical,1589643661
corner,1589643661
concerned,1589643661
recall,1589643661
version,1589643661
stare,1589643661
safety,1589643661
effective,1589643661
neighborhood,1589643661
original,1589643661
act,1589643661
troop,1589643661
income,1589643661
directly,1589643661
hurt,1589643661
species,158964366
